{
  "slides/chapter_2_d12b5897e61f5c27df5a468fafcdfb11.md": [
    {
      "timing": 0,
      "state": {
        "indexh": 0,
        "indexf": -1
      }
    },
    {
      "timing": 0.004467075471698114,
      "state": {
        "indexh": 0,
        "indexf": 0
      }
    },
    {
      "timing": 0.013735333333333332,
      "state": {
        "indexh": 1
      }
    }
  ]
}